time_resolution,train_window,test_window,quote_currency,adf_threshold,rolling_window,stop_threshold,signal_logic,model_type,overall_return
300,16d 0H 0M 0S,10d 0H 0M 0S,USDT,-2.96,4608,3.51,scaled,raw,4.683394825895197
300,38d 0H 0M 0S,15d 0H 0M 0S,USDT,-3.95,10944,6.48,scaled,log,3.5053391273617267
300,10d 0H 0M 0S,29d 0H 0M 0S,USDT,-2.79,2880,3.99,scaled,raw,3.3275722664045393
300,24d 0H 0M 0S,7d 0H 0M 0S,BTC,-3.22,5472,6.93,scaled,raw,2.551610482407301
300,44d 0H 0M 0S,24d 0H 0M 0S,USDT,-3.95,12672,5.82,scaled,log,2.461498710033292
900,8d 0H 0M 0S,40d 0H 0M 0S,BTC,-3.34,768,4.82,scaled,raw,2.4514886279859525
300,58d 0H 0M 0S,36d 0H 0M 0S,USDT,-1.73,16704,6.550000000000001,scaled,raw,2.43195391336027
300,20d 0H 0M 0S,32d 0H 0M 0S,USDT,-2.6799999999999997,4896,3.8,scaled,raw,2.4182448145368403
300,10d 0H 0M 0S,22d 0H 0M 0S,BTC,-2.99,2880,6.66,scaled,log,2.3663775843712838
300,14d 0H 0M 0S,31d 0H 0M 0S,USDT,-2.3200000000000003,4032,6.76,discrete,log,2.1481355900131844
300,24d 0H 0M 0S,27d 0H 0M 0S,USDT,-3.8000000000000003,6912,6.52,discrete,log,2.124878854828883
900,41d 0H 0M 0S,19d 0H 0M 0S,USDT,-3.3000000000000003,576,6.51,scaled,raw,2.1051801874930822
300,52d 0H 0M 0S,46d 0H 0M 0S,USDT,-2.9299999999999997,6048,4.21,scaled,raw,2.091559518669667
300,17d 0H 0M 0S,17d 0H 0M 0S,USDT,-3.95,4896,5.03,discrete,log,1.9711757834324333
300,17d 0H 0M 0S,12d 0H 0M 0S,BTC,-2.2800000000000002,4896,5.609999999999999,discrete,log,1.8398013152086985
300,37d 0H 0M 0S,55d 0H 0M 0S,USDT,-2.59,10656,6.13,scaled,raw,1.8317992405024313
300,13d 0H 0M 0S,33d 0H 0M 0S,BTC,-2.46,3744,6.53,discrete,log,1.7823489556463135
1800,60d 0H 0M 0S,23d 0H 0M 0S,USDT,-3.57,1536,6.99,scaled,log,1.774695594947855
300,40d 0H 0M 0S,24d 0H 0M 0S,BTC,-3.02,864,5.76,discrete,raw,1.7542430480066262
300,23d 0H 0M 0S,20d 0H 0M 0S,USDT,-1.13,6624,4.35,scaled,raw,1.7258140323203806
300,35d 0H 0M 0S,43d 0H 0M 0S,BTC,-1.9500000000000002,5184,6.26,discrete,log,1.7208961948238268
1800,23d 0H 0M 0S,7d 0H 0M 0S,BTC,-1.18,96,6.1,discrete,log,1.713574669743193
1800,35d 0H 0M 0S,10d 0H 0M 0S,BTC,-3.22,240,4.93,discrete,log,1.6945995939128125
300,19d 0H 0M 0S,45d 0H 0M 0S,BTC,-1.3,5472,6.800000000000001,discrete,log,1.6773638974862606
300,28d 0H 0M 0S,16d 0H 0M 0S,USDT,-1.3900000000000001,8064,6.78,discrete,raw,1.6729651433751105
300,41d 0H 0M 0S,47d 0H 0M 0S,USDT,-3.8000000000000003,5472,4.38,scaled,raw,1.6402892779486953
86400,23d 0H 0M 0S,52d 0H 0M 0S,USDT,-3.24,23,4.51,scaled,raw,1.6301417209014664
300,25d 0H 0M 0S,47d 0H 0M 0S,BTC,-2.33,7200,6.49,discrete,log,1.6117937647455371
300,22d 0H 0M 0S,23d 0H 0M 0S,USDT,-1.45,2880,6.66,discrete,raw,1.6007274089066752
300,55d 0H 0M 0S,51d 0H 0M 0S,BTC,-2.4699999999999998,3456,6,discrete,log,1.5831197071358099
86400,49d 0H 0M 0S,40d 0H 0M 0S,USDT,-2.94,5,5.640000000000001,scaled,log,1.5599652326040039
1800,45d 0H 0M 0S,56d 0H 0M 0S,BTC,-3.06,1920,5.91,scaled,raw,1.5419409368213999
900,31d 0H 0M 0S,19d 0H 0M 0S,BTC,-3.2600000000000002,2496,4.97,scaled,log,1.5229722863586217
300,11d 0H 0M 0S,26d 0H 0M 0S,USDT,-1.8900000000000001,3168,4.03,scaled,log,1.5003445707266738
300,12d 0H 0M 0S,6d 0H 0M 0S,BTC,-2.12,3456,6.300000000000001,discrete,raw,1.4936881781126121
900,5d 0H 0M 0S,12d 0H 0M 0S,USDT,-3.21,480,4.63,scaled,log,1.4897278423149278
300,15d 0H 0M 0S,15d 0H 0M 0S,BTC,-1.8599999999999999,4320,4.61,discrete,log,1.4872116026598508
1800,9d 0H 0M 0S,24d 0H 0M 0S,BTC,-2.88,432,4.25,scaled,raw,1.4795771891848606
1800,42d 0H 0M 0S,6d 0H 0M 0S,USDT,-3.62,2016,6,discrete,raw,1.4489271539264612
300,55d 0H 0M 0S,19d 0H 0M 0S,USDT,-1.27,14112,5.4399999999999995,discrete,raw,1.4085118854281646
1800,54d 0H 0M 0S,47d 0H 0M 0S,BTC,-3.67,576,6.15,discrete,log,1.3937428204449207
300,7d 0H 0M 0S,57d 0H 0M 0S,BTC,-1.28,2016,4.85,scaled,raw,1.3651454405760743
900,20d 0H 0M 0S,49d 0H 0M 0S,BTC,-1.49,480,6.02,discrete,log,1.3561008484087456
300,54d 0H 0M 0S,24d 0H 0M 0S,BTC,-2.16,2880,6.68,discrete,raw,1.3534060108590107
300,19d 0H 0M 0S,29d 0H 0M 0S,BTC,-3.62,4608,4.3,scaled,log,1.3510783690665968
1800,26d 0H 0M 0S,60d 0H 0M 0S,BTC,-1.97,144,5.3100000000000005,discrete,raw,1.3389107097884483
14400,59d 0H 0M 0S,24d 0H 0M 0S,BTC,-3.43,12,3.05,discrete,raw,1.3288606394868685
900,15d 0H 0M 0S,54d 0H 0M 0S,BTC,-3.63,1248,6.03,discrete,raw,1.3258047405795308
900,15d 0H 0M 0S,18d 0H 0M 0S,BTC,-2.5700000000000003,1440,5.6899999999999995,discrete,log,1.3172298362359136
900,53d 0H 0M 0S,20d 0H 0M 0S,USDT,-3.89,2592,6.25,discrete,raw,1.3112081415524133
900,21d 0H 0M 0S,10d 0H 0M 0S,USDT,-1.8599999999999999,2016,6.68,discrete,log,1.3101355436752553
86400,43d 0H 0M 0S,18d 0H 0M 0S,USDT,-3.32,43,6.34,discrete,log,1.2937938591147704
1800,59d 0H 0M 0S,27d 0H 0M 0S,BTC,-3.27,1584,6.5,scaled,log,1.290777511321523
7200,38d 0H 0M 0S,27d 0H 0M 0S,USDT,-3.45,180,6.3100000000000005,discrete,raw,1.2720549610663916
300,16d 0H 0M 0S,14d 0H 0M 0S,BTC,-2.1500000000000004,4608,4.99,discrete,raw,1.2661529416758486
900,25d 0H 0M 0S,37d 0H 0M 0S,BTC,-1.6,2400,6.78,discrete,raw,1.25783013171944
1800,12d 0H 0M 0S,26d 0H 0M 0S,BTC,-3.42,576,6.83,discrete,raw,1.2506253709214912
900,44d 0H 0M 0S,18d 0H 0M 0S,USDT,-3.02,4224,3.81,scaled,raw,1.2381784699793374
300,23d 0H 0M 0S,49d 0H 0M 0S,BTC,-1.44,6624,3.76,scaled,log,1.2270237569324873
86400,59d 0H 0M 0S,31d 0H 0M 0S,BTC,-2.94,5,5.7,scaled,log,1.2219325265299108
900,7d 0H 0M 0S,10d 0H 0M 0S,USDT,-3.4,672,3.85,discrete,raw,1.210353541991773
86400,21d 0H 0M 0S,52d 0H 0M 0S,BTC,-2.91,19,5.7,discrete,log,1.1960742060916105
300,48d 0H 0M 0S,28d 0H 0M 0S,BTC,-1.85,13824,3.32,discrete,log,1.1910614872384064
1800,16d 0H 0M 0S,28d 0H 0M 0S,BTC,-3.49,768,5.38,discrete,log,1.190653987003424
900,44d 0H 0M 0S,37d 0H 0M 0S,USDT,-3.84,4224,3.51,discrete,log,1.1892647454863847
900,50d 0H 0M 0S,8d 0H 0M 0S,USDT,-1.42,1248,6.37,discrete,log,1.1755655609993927
900,57d 0H 0M 0S,17d 0H 0M 0S,BTC,-2.19,864,4.37,scaled,raw,1.1711421370321686
900,58d 0H 0M 0S,59d 0H 0M 0S,BTC,-3.7600000000000002,4416,3.91,discrete,log,1.1662943207619587
1800,56d 0H 0M 0S,23d 0H 0M 0S,BTC,-2.62,1920,4.640000000000001,scaled,log,1.1655900899880298
900,57d 0H 0M 0S,33d 0H 0M 0S,USDT,-2.34,4800,3.3,scaled,log,1.164337682376813
900,48d 0H 0M 0S,19d 0H 0M 0S,USDT,-2.55,1632,3.7199999999999998,discrete,raw,1.1605109997949028
300,29d 0H 0M 0S,40d 0H 0M 0S,BTC,-2.49,8352,3.69,discrete,log,1.1598378212763438
1800,43d 0H 0M 0S,43d 0H 0M 0S,BTC,-2.29,1344,4.22,discrete,raw,1.157302939932284
7200,26d 0H 0M 0S,17d 0H 0M 0S,USDT,-3.29,264,5.02,discrete,log,1.1452515606132456
300,38d 0H 0M 0S,30d 0H 0M 0S,BTC,-1.53,10944,3.65,scaled,log,1.1440521573025988
900,33d 0H 0M 0S,39d 0H 0M 0S,USDT,-2.27,2208,6.77,scaled,log,1.1387311622271448
1800,6d 0H 0M 0S,19d 0H 0M 0S,USDT,-1.38,288,4.11,discrete,raw,1.1334854612803924
900,11d 0H 0M 0S,24d 0H 0M 0S,BTC,-3.94,672,4.16,discrete,log,1.1316321283563768
1800,9d 0H 0M 0S,14d 0H 0M 0S,BTC,-1.69,432,6.720000000000001,discrete,raw,1.128805142129052
900,32d 0H 0M 0S,29d 0H 0M 0S,BTC,-2.9699999999999998,3072,3.93,scaled,raw,1.1166246466533643
1800,32d 0H 0M 0S,43d 0H 0M 0S,BTC,-1.46,1536,6.79,discrete,raw,1.1161918646064752
86400,36d 0H 0M 0S,8d 0H 0M 0S,BTC,-1.74,27,5.71,discrete,log,1.1153865095001794
1800,6d 0H 0M 0S,7d 0H 0M 0S,USDT,-2.71,288,6.26,discrete,raw,1.1142890084212251
1800,58d 0H 0M 0S,12d 0H 0M 0S,USDT,-1.49,2352,6.48,discrete,raw,1.1122027368421437
7200,35d 0H 0M 0S,18d 0H 0M 0S,BTC,-1.54,300,6.42,discrete,log,1.1095768194604707
1800,58d 0H 0M 0S,35d 0H 0M 0S,BTC,-1.6600000000000001,1344,3.62,discrete,raw,1.108343719145225
300,10d 0H 0M 0S,27d 0H 0M 0S,BTC,-1.49,2880,3.8,scaled,log,1.1061954880666076
900,50d 0H 0M 0S,49d 0H 0M 0S,BTC,-2.84,4128,6.08,discrete,raw,1.1018733200931683
1800,7d 0H 0M 0S,9d 0H 0M 0S,USDT,-1.75,336,5.970000000000001,discrete,raw,1.098369668914346
900,60d 0H 0M 0S,54d 0H 0M 0S,USDT,-2.12,480,6.07,scaled,raw,1.091417274147922
1800,29d 0H 0M 0S,33d 0H 0M 0S,BTC,-1.16,1392,5.75,discrete,raw,1.0882046076596807
900,22d 0H 0M 0S,14d 0H 0M 0S,USDT,-1.77,2112,6.42,scaled,log,1.082775596939208
900,43d 0H 0M 0S,59d 0H 0M 0S,USDT,-3,1152,6.43,scaled,log,1.0783924877798143
300,23d 0H 0M 0S,51d 0H 0M 0S,USDT,-2.76,6624,3.2800000000000002,discrete,raw,1.0769109741650755
1800,57d 0H 0M 0S,7d 0H 0M 0S,USDT,-1.9500000000000002,1344,3.75,scaled,log,1.0755592142653398
1800,48d 0H 0M 0S,20d 0H 0M 0S,BTC,-1.51,288,4.17,discrete,raw,1.0717882132642296
900,52d 0H 0M 0S,27d 0H 0M 0S,USDT,-1.47,576,3.71,discrete,raw,1.0673953665402445
7200,16d 0H 0M 0S,17d 0H 0M 0S,BTC,-2.73,72,3.14,discrete,raw,1.0665383150583942
1800,53d 0H 0M 0S,24d 0H 0M 0S,USDT,-2.8,1488,3.74,discrete,raw,1.0591133760379838
7200,50d 0H 0M 0S,29d 0H 0M 0S,BTC,-3.99,600,6.53,discrete,log,1.0561030542971657
1800,16d 0H 0M 0S,40d 0H 0M 0S,USDT,-1.28,288,3.75,discrete,raw,1.0535779284502897
1800,7d 0H 0M 0S,30d 0H 0M 0S,USDT,-2.63,336,3.15,discrete,raw,1.0526767503331862
900,31d 0H 0M 0S,52d 0H 0M 0S,USDT,-2.6799999999999997,2976,4.5600000000000005,discrete,raw,1.0522323497972534
300,45d 0H 0M 0S,56d 0H 0M 0S,BTC,-1.57,6336,3.38,scaled,log,1.0491627420903524
86400,59d 0H 0M 0S,33d 0H 0M 0S,BTC,-1.49,11,6.15,discrete,raw,1.0489698126120615
900,12d 0H 0M 0S,53d 0H 0M 0S,BTC,-2.81,1152,4.51,discrete,log,1.0474279581003687
14400,35d 0H 0M 0S,57d 0H 0M 0S,BTC,-3.9,210,6.04,discrete,raw,1.046736816360517
1800,54d 0H 0M 0S,46d 0H 0M 0S,BTC,-1,1344,6.550000000000001,scaled,log,1.0453073256468433
14400,25d 0H 0M 0S,48d 0H 0M 0S,USDT,-3.83,150,4.43,discrete,raw,1.0447044723523544
86400,60d 0H 0M 0S,7d 0H 0M 0S,USDT,-3.6,29,6.87,scaled,log,1.0443999097051515
300,19d 0H 0M 0S,55d 0H 0M 0S,USDT,-3.39,5472,3.55,discrete,raw,1.040482596717107
900,20d 0H 0M 0S,59d 0H 0M 0S,BTC,-3.0100000000000002,1344,6.970000000000001,discrete,raw,1.0402804464692055
86400,52d 0H 0M 0S,33d 0H 0M 0S,USDT,-1.6600000000000001,11,6.67,discrete,raw,1.032189462292326
86400,10d 0H 0M 0S,33d 0H 0M 0S,USDT,-1.37,10,4.18,discrete,log,1.0315049312243636
900,7d 0H 0M 0S,19d 0H 0M 0S,USDT,-2.7,672,6.109999999999999,scaled,raw,1.0287316432916362
300,12d 0H 0M 0S,56d 0H 0M 0S,BTC,-1.16,3456,3.43,discrete,log,1.0252895853332076
7200,47d 0H 0M 0S,8d 0H 0M 0S,BTC,-2.9000000000000004,288,5.27,discrete,raw,1.0239604345668063
1800,48d 0H 0M 0S,57d 0H 0M 0S,USDT,-2.96,432,4.07,scaled,log,1.0183198266426545
7200,34d 0H 0M 0S,50d 0H 0M 0S,USDT,-2.2,144,4.140000000000001,discrete,log,1.01676359602641
1800,45d 0H 0M 0S,42d 0H 0M 0S,USDT,-2.44,912,3.73,scaled,raw,1.0162667787071338
1800,9d 0H 0M 0S,42d 0H 0M 0S,USDT,-3.5100000000000002,432,4.390000000000001,scaled,log,1.014577862004545
7200,58d 0H 0M 0S,44d 0H 0M 0S,USDT,-2.79,552,5.92,scaled,log,1.0111664702414604
900,41d 0H 0M 0S,19d 0H 0M 0S,USDT,-1.31,2592,3.15,discrete,raw,1.0109603849275732
14400,11d 0H 0M 0S,45d 0H 0M 0S,USDT,-3.47,66,6.13,discrete,raw,1.0108135636223272
300,47d 0H 0M 0S,22d 0H 0M 0S,BTC,-2.62,6624,3.37,discrete,raw,1.0100222489130197
86400,47d 0H 0M 0S,54d 0H 0M 0S,USDT,-2.06,17,3.35,discrete,raw,1.0080474713505891
900,53d 0H 0M 0S,29d 0H 0M 0S,USDT,-2.38,1344,3.26,scaled,log,1.007610445480791
900,7d 0H 0M 0S,46d 0H 0M 0S,USDT,-1.12,672,3.16,discrete,raw,1.0059080775682112
900,11d 0H 0M 0S,5d 0H 0M 0S,USDT,-2.1799999999999997,1056,4.48,scaled,raw,1.00523251586975
300,47d 0H 0M 0S,21d 0H 0M 0S,BTC,-1.25,13536,3.05,discrete,raw,1.0043890834653197
86400,36d 0H 0M 0S,39d 0H 0M 0S,BTC,-3.02,5,3.7,discrete,log,1
1800,43d 0H 0M 0S,30d 0H 0M 0S,BTC,-3.14,1200,3.47,scaled,raw,0.9981638657093276
7200,26d 0H 0M 0S,11d 0H 0M 0S,USDT,-1.11,312,4.9399999999999995,discrete,raw,0.9974338584368286
86400,16d 0H 0M 0S,37d 0H 0M 0S,USDT,-1.8399999999999999,16,3.69,discrete,log,0.9915663922394987
14400,45d 0H 0M 0S,15d 0H 0M 0S,BTC,-2.63,126,5.550000000000001,discrete,raw,0.9903144860659115
1800,31d 0H 0M 0S,35d 0H 0M 0S,BTC,-3.5300000000000002,1488,3.12,scaled,raw,0.9893559338922762
86400,52d 0H 0M 0S,26d 0H 0M 0S,USDT,-3.69,40,5.970000000000001,discrete,raw,0.9891217119824344
86400,34d 0H 0M 0S,19d 0H 0M 0S,BTC,-3.13,15,5.38,discrete,raw,0.9878132681257558
86400,20d 0H 0M 0S,17d 0H 0M 0S,USDT,-1.38,7,3.94,discrete,raw,0.982547119138933
1800,23d 0H 0M 0S,50d 0H 0M 0S,USDT,-3.23,1104,6.54,discrete,raw,0.9822727221579135
86400,58d 0H 0M 0S,25d 0H 0M 0S,BTC,-2.31,57,5.85,discrete,log,0.9817306534168896
1800,14d 0H 0M 0S,55d 0H 0M 0S,USDT,-1.25,672,3.29,discrete,raw,0.9778862064171097
7200,17d 0H 0M 0S,30d 0H 0M 0S,BTC,-3.47,204,3.8,discrete,log,0.9764172994295497
7200,43d 0H 0M 0S,6d 0H 0M 0S,USDT,-2.1100000000000003,144,5.99,discrete,log,0.9744395490971821
7200,55d 0H 0M 0S,37d 0H 0M 0S,USDT,-2.44,444,3.27,discrete,raw,0.9705441155263207
14400,51d 0H 0M 0S,41d 0H 0M 0S,USDT,-2.02,270,6.63,discrete,log,0.9676945392336306
900,41d 0H 0M 0S,43d 0H 0M 0S,USDT,-1.19,3840,4.4399999999999995,discrete,log,0.9667179696736223
7200,27d 0H 0M 0S,53d 0H 0M 0S,USDT,-3.43,324,5.42,scaled,raw,0.9665230271922624
86400,17d 0H 0M 0S,40d 0H 0M 0S,USDT,-2.5,17,3.92,scaled,log,0.9660954016915557
1800,38d 0H 0M 0S,32d 0H 0M 0S,USDT,-1.74,1488,4.49,discrete,raw,0.9651504911575238
86400,37d 0H 0M 0S,58d 0H 0M 0S,BTC,-1.35,37,3.34,discrete,log,0.9637774745152375
86400,20d 0H 0M 0S,42d 0H 0M 0S,USDT,-3.95,19,3.46,scaled,raw,0.9628113359424879
900,43d 0H 0M 0S,56d 0H 0M 0S,USDT,-1.31,4128,5.109999999999999,discrete,raw,0.9624249827531558
86400,28d 0H 0M 0S,54d 0H 0M 0S,BTC,-3.5,28,6.25,discrete,raw,0.9621784966611273
7200,17d 0H 0M 0S,30d 0H 0M 0S,BTC,-2.05,36,6.6,discrete,log,0.9615195466001423
900,5d 0H 0M 0S,54d 0H 0M 0S,USDT,-1.06,480,4.17,scaled,log,0.9592212313913456
14400,58d 0H 0M 0S,9d 0H 0M 0S,USDT,-2.09,126,4.67,discrete,raw,0.9587232431667769
86400,41d 0H 0M 0S,27d 0H 0M 0S,USDT,-1.96,41,5.91,discrete,raw,0.9582014802593477
14400,6d 0H 0M 0S,20d 0H 0M 0S,BTC,-3.68,36,4.47,discrete,raw,0.9578437202182405
7200,45d 0H 0M 0S,33d 0H 0M 0S,BTC,-2.98,516,4.75,discrete,raw,0.9577273115087002
7200,21d 0H 0M 0S,52d 0H 0M 0S,USDT,-2.69,24,5.13,discrete,raw,0.9555480550423051
900,43d 0H 0M 0S,55d 0H 0M 0S,USDT,-1.26,2688,6.109999999999999,scaled,raw,0.9549070092190033
7200,25d 0H 0M 0S,40d 0H 0M 0S,USDT,-3.42,300,6.98,discrete,log,0.9545783823630439
1800,32d 0H 0M 0S,38d 0H 0M 0S,USDT,-1.87,192,4.23,discrete,raw,0.9481157324948775
14400,59d 0H 0M 0S,8d 0H 0M 0S,USDT,-1.07,216,3.92,discrete,log,0.9473093386364162
86400,12d 0H 0M 0S,58d 0H 0M 0S,USDT,-1.17,12,3.12,scaled,log,0.9453086094148646
86400,19d 0H 0M 0S,35d 0H 0M 0S,USDT,-1.65,19,6.57,scaled,raw,0.9446190209948558
86400,29d 0H 0M 0S,25d 0H 0M 0S,USDT,-1.16,29,5.3100000000000005,discrete,raw,0.9424944229386687
900,21d 0H 0M 0S,51d 0H 0M 0S,BTC,-2.98,2016,3.77,discrete,raw,0.9414455465278634
86400,10d 0H 0M 0S,50d 0H 0M 0S,BTC,-2.9299999999999997,10,3.83,discrete,log,0.9407717707990358
7200,26d 0H 0M 0S,42d 0H 0M 0S,USDT,-2.41,144,4.48,discrete,log,0.9387065145187079
14400,47d 0H 0M 0S,17d 0H 0M 0S,USDT,-2.1,72,3.07,discrete,log,0.9369832993395721
14400,30d 0H 0M 0S,14d 0H 0M 0S,BTC,-1.31,180,5.46,discrete,log,0.9363127537930968
14400,39d 0H 0M 0S,24d 0H 0M 0S,BTC,-3.31,234,6.5600000000000005,scaled,raw,0.9355443549925669
1800,56d 0H 0M 0S,45d 0H 0M 0S,BTC,-3.7600000000000002,2448,4.59,scaled,raw,0.9340455435198852
900,10d 0H 0M 0S,35d 0H 0M 0S,BTC,-2.3,960,5.71,scaled,raw,0.9293713902031221
14400,23d 0H 0M 0S,15d 0H 0M 0S,USDT,-1.97,138,3.94,discrete,log,0.9249072303389233
900,11d 0H 0M 0S,43d 0H 0M 0S,BTC,-1.96,1056,4.5600000000000005,discrete,log,0.9184635061261626
14400,58d 0H 0M 0S,58d 0H 0M 0S,USDT,-2.55,60,4.43,discrete,log,0.9173076790201431
300,24d 0H 0M 0S,55d 0H 0M 0S,BTC,-1.48,6912,3.76,scaled,raw,0.9166693635371401
7200,22d 0H 0M 0S,43d 0H 0M 0S,USDT,-1.62,264,3.09,discrete,log,0.9161277701549693
86400,36d 0H 0M 0S,47d 0H 0M 0S,USDT,-2.12,12,4.8100000000000005,scaled,log,0.9116385291993918
14400,9d 0H 0M 0S,25d 0H 0M 0S,USDT,-1.47,54,6.890000000000001,discrete,log,0.9045758604950058
86400,60d 0H 0M 0S,54d 0H 0M 0S,BTC,-1.47,56,6.3100000000000005,discrete,raw,0.89438256109396
14400,47d 0H 0M 0S,43d 0H 0M 0S,USDT,-3.14,222,4.36,scaled,log,0.8922099014063991
14400,35d 0H 0M 0S,53d 0H 0M 0S,BTC,-2.77,30,5.109999999999999,discrete,log,0.8875978855394644
900,50d 0H 0M 0S,26d 0H 0M 0S,USDT,-2.81,3552,3.49,scaled,raw,0.8814532285118237
86400,56d 0H 0M 0S,52d 0H 0M 0S,USDT,-3.36,31,6.9399999999999995,scaled,log,0.8811120613689148
7200,19d 0H 0M 0S,7d 0H 0M 0S,USDT,-3.57,228,3.52,scaled,raw,0.8779734774160295
14400,43d 0H 0M 0S,41d 0H 0M 0S,BTC,-1.32,234,4.04,discrete,raw,0.8755424269435423
86400,56d 0H 0M 0S,31d 0H 0M 0S,BTC,-3.49,41,4.36,discrete,raw,0.8735977755364603
7200,58d 0H 0M 0S,58d 0H 0M 0S,USDT,-1.79,132,4.29,discrete,raw,0.8728617197434084
1800,23d 0H 0M 0S,31d 0H 0M 0S,BTC,-3.6,1104,6.109999999999999,discrete,log,0.8679389963230837
7200,39d 0H 0M 0S,19d 0H 0M 0S,BTC,-1.12,348,6.51,discrete,raw,0.8667898164173498
7200,26d 0H 0M 0S,5d 0H 0M 0S,BTC,-3.52,168,4.98,discrete,raw,0.8613714585012087
7200,37d 0H 0M 0S,17d 0H 0M 0S,USDT,-3.91,444,5.84,scaled,log,0.8602663343500153
86400,27d 0H 0M 0S,26d 0H 0M 0S,BTC,-2.39,13,4.71,scaled,log,0.855119960093756
14400,6d 0H 0M 0S,31d 0H 0M 0S,BTC,-3.08,36,6.45,scaled,log,0.8500551020150535
7200,34d 0H 0M 0S,59d 0H 0M 0S,USDT,-3.79,408,5.640000000000001,discrete,raw,0.8475565558448955
7200,7d 0H 0M 0S,58d 0H 0M 0S,USDT,-1.9100000000000001,84,4.02,scaled,log,0.8473649469813018
14400,6d 0H 0M 0S,34d 0H 0M 0S,USDT,-2.88,36,3.73,scaled,log,0.8460307613898759
1800,11d 0H 0M 0S,58d 0H 0M 0S,BTC,-2.1100000000000003,528,3.79,scaled,raw,0.8403428328962848
1800,5d 0H 0M 0S,25d 0H 0M 0S,USDT,-1.45,240,4.6,scaled,raw,0.834878470538802
14400,16d 0H 0M 0S,17d 0H 0M 0S,USDT,-1.94,96,3.74,discrete,raw,0.8334034137356756
900,16d 0H 0M 0S,18d 0H 0M 0S,BTC,-1.23,1536,3.23,scaled,raw,0.8296765158109186
7200,52d 0H 0M 0S,54d 0H 0M 0S,BTC,-1.63,180,3.56,scaled,log,0.828565253331612
86400,30d 0H 0M 0S,12d 0H 0M 0S,USDT,-2.44,20,4.36,scaled,log,0.8264670865739957
14400,33d 0H 0M 0S,26d 0H 0M 0S,USDT,-1.29,198,5.4,discrete,raw,0.8250670570251026
7200,22d 0H 0M 0S,24d 0H 0M 0S,USDT,-2.98,144,6.82,discrete,raw,0.8239288441004897
14400,43d 0H 0M 0S,15d 0H 0M 0S,BTC,-3.89,12,4.7,scaled,raw,0.822322983506079
300,51d 0H 0M 0S,6d 0H 0M 0S,BTC,-1.11,12384,4.77,scaled,raw,0.8218503905796024
7200,10d 0H 0M 0S,11d 0H 0M 0S,BTC,-2.6100000000000003,120,4.28,discrete,raw,0.8209087500967175
86400,39d 0H 0M 0S,8d 0H 0M 0S,BTC,-1.35,36,4.4399999999999995,scaled,log,0.8185027606527722
7200,5d 0H 0M 0S,24d 0H 0M 0S,BTC,-1.09,60,3.24,scaled,log,0.8184998340635968
7200,41d 0H 0M 0S,24d 0H 0M 0S,USDT,-3.98,468,3.85,scaled,log,0.8128354923504859
14400,49d 0H 0M 0S,35d 0H 0M 0S,USDT,-1.49,282,5.24,scaled,log,0.8114682432473389
86400,58d 0H 0M 0S,50d 0H 0M 0S,BTC,-1.8,46,6.95,scaled,log,0.8063925921236251
7200,46d 0H 0M 0S,51d 0H 0M 0S,USDT,-1.82,204,5.12,discrete,raw,0.8051777827303824
900,11d 0H 0M 0S,55d 0H 0M 0S,USDT,-1.51,1056,6.800000000000001,scaled,raw,0.8012960838684468
1800,22d 0H 0M 0S,14d 0H 0M 0S,BTC,-3.33,912,4.82,scaled,log,0.8006848639870436
14400,45d 0H 0M 0S,22d 0H 0M 0S,USDT,-1.9500000000000002,162,5.52,scaled,log,0.7958600769264287
7200,17d 0H 0M 0S,30d 0H 0M 0S,BTC,-3.36,204,3.11,scaled,log,0.7867093624277688
7200,10d 0H 0M 0S,15d 0H 0M 0S,BTC,-2.96,96,5.37,scaled,log,0.784273684275186
86400,11d 0H 0M 0S,38d 0H 0M 0S,USDT,-2.02,11,5.27,scaled,log,0.7743189709712409
14400,6d 0H 0M 0S,34d 0H 0M 0S,BTC,-2.12,24,3.55,scaled,log,0.7676049172960444
14400,31d 0H 0M 0S,32d 0H 0M 0S,USDT,-3.09,186,4.74,discrete,raw,0.7309954627162568
7200,36d 0H 0M 0S,34d 0H 0M 0S,BTC,-2.52,432,5.41,scaled,log,0.7270448708330718
900,30d 0H 0M 0S,43d 0H 0M 0S,BTC,-1.57,1632,3.36,scaled,raw,0.7240031668331505
14400,32d 0H 0M 0S,20d 0H 0M 0S,BTC,-1.18,132,3.02,scaled,log,0.7219100436039199
1800,48d 0H 0M 0S,54d 0H 0M 0S,USDT,-1.19,1008,5.9,scaled,raw,0.7162655627204638
14400,11d 0H 0M 0S,58d 0H 0M 0S,USDT,-1.43,66,5.03,scaled,log,0.7118215535897935
1800,33d 0H 0M 0S,15d 0H 0M 0S,BTC,-1.22,864,3.85,scaled,raw,0.710364708428957
14400,36d 0H 0M 0S,50d 0H 0M 0S,USDT,-1.46,216,3.33,scaled,raw,0.7093920100934973
900,53d 0H 0M 0S,47d 0H 0M 0S,USDT,-2.3600000000000003,1056,4.53,scaled,raw,0.7087018164986248
14400,53d 0H 0M 0S,37d 0H 0M 0S,USDT,-3.72,282,4.53,scaled,log,0.7085122991818285
1800,20d 0H 0M 0S,45d 0H 0M 0S,BTC,-2.0300000000000002,960,6.42,scaled,raw,0.7025636132716646
7200,28d 0H 0M 0S,54d 0H 0M 0S,USDT,-1.94,336,4.35,scaled,raw,0.6970759935027941
14400,27d 0H 0M 0S,23d 0H 0M 0S,BTC,-1.6099999999999999,162,3.48,scaled,log,0.6813801050102968
1800,58d 0H 0M 0S,41d 0H 0M 0S,USDT,-1.5899999999999999,384,6.99,scaled,raw,0.6694529861738656
86400,55d 0H 0M 0S,31d 0H 0M 0S,USDT,-1.38,18,6.27,scaled,raw,0.6647492733576279
86400,43d 0H 0M 0S,51d 0H 0M 0S,BTC,-3.2,19,3.92,discrete,log,0.6615355423813337
14400,6d 0H 0M 0S,27d 0H 0M 0S,USDT,-3.57,36,4.29,discrete,log,0.6536060321673751
14400,40d 0H 0M 0S,27d 0H 0M 0S,BTC,-3.95,234,6.53,scaled,raw,0.6462752346003021
1800,29d 0H 0M 0S,36d 0H 0M 0S,BTC,-1.69,720,4.68,scaled,raw,0.626193168987679
14400,24d 0H 0M 0S,19d 0H 0M 0S,USDT,-3.24,144,5.84,scaled,log,0.6119655792565741
86400,33d 0H 0M 0S,26d 0H 0M 0S,USDT,-2.3600000000000003,33,6.34,scaled,raw,0.5668687377871712
86400,26d 0H 0M 0S,19d 0H 0M 0S,USDT,-1.5899999999999999,10,5.5,scaled,raw,0.54806293923059
86400,44d 0H 0M 0S,37d 0H 0M 0S,USDT,-2.8200000000000003,23,6.550000000000001,scaled,raw,0.5385665786952968
7200,33d 0H 0M 0S,33d 0H 0M 0S,BTC,-2.67,396,6.32,scaled,raw,0.4968877144519551
14400,45d 0H 0M 0S,13d 0H 0M 0S,USDT,-3.14,42,6.27,scaled,raw,0.47400844477258325
7200,17d 0H 0M 0S,51d 0H 0M 0S,USDT,-1.8,204,4.99,scaled,raw,0.45920627053777757
86400,38d 0H 0M 0S,59d 0H 0M 0S,BTC,-2.0700000000000003,27,3.59,scaled,raw,0.43705090800435176
86400,16d 0H 0M 0S,18d 0H 0M 0S,USDT,-2.24,16,6.01,scaled,raw,0.41106618281680396
14400,52d 0H 0M 0S,6d 0H 0M 0S,BTC,-2.4299999999999997,216,3.83,scaled,raw,0.40343273567942
86400,19d 0H 0M 0S,38d 0H 0M 0S,BTC,-2.7800000000000002,13,6.09,scaled,raw,0.3696849460489756
7200,44d 0H 0M 0S,26d 0H 0M 0S,USDT,-3.79,216,5.359999999999999,scaled,raw,0.34791949631221747
14400,13d 0H 0M 0S,34d 0H 0M 0S,USDT,-2.26,78,6.52,scaled,raw,0.33863386231996656
14400,16d 0H 0M 0S,10d 0H 0M 0S,USDT,-1.15,96,6.140000000000001,scaled,raw,0.33749272735539665
14400,23d 0H 0M 0S,39d 0H 0M 0S,USDT,-1.42,60,5.970000000000001,scaled,raw,0.307419885224105
